<?xml version="1.0" encoding="UTF-8"?>
<project-private xmlns="http://www.netbeans.org/ns/project-private/1">
    <editor-bookmarks xmlns="http://www.netbeans.org/ns/editor-bookmarks/2" lastBookmarkId="0"/>
    <open-files xmlns="http://www.netbeans.org/ns/projectui-open-files/2">
        <group>
            <file>file:/D:/ИПСА/6%20курс/!!!%20java%20epam/мои%20проекты/painting/src/paint/MyPoint.java</file>
            <file>file:/D:/ИПСА/6%20курс/!!!%20java%20epam/мои%20проекты/painting/src/paint/Painting.java</file>
            <file>file:/D:/ИПСА/6%20курс/!!!%20java%20epam/мои%20проекты/painting/src/paint/Runner.java</file>
        </group>
    </open-files>
</project-private>
